"filename", "language", "XML", "C#", "Markdown", "JSON", "C++", "PowerShell", "Log", "Batch", "comment", "blank", "total"
"c:\Users\v.kruglyakov\Desktop\Projects\Gabiac\.vs\ProjectSettings.json", "JSON", 0, 0, 0, 3, 0, 0, 0, 0, 0, 0, 3
"c:\Users\v.kruglyakov\Desktop\Projects\Gabiac\.vs\VSWorkspaceState.json", "JSON", 0, 0, 0, 6, 0, 0, 0, 0, 0, 0, 6
"c:\Users\v.kruglyakov\Desktop\Projects\Gabiac\Gabiac.cs", "C#", 0, 98, 0, 0, 0, 0, 0, 0, 0, 18, 116
"c:\Users\v.kruglyakov\Desktop\Projects\Gabiac\OldScripts\Input.cs", "C#", 0, 39, 0, 0, 0, 0, 0, 0, 0, 9, 48
"c:\Users\v.kruglyakov\Desktop\Projects\Gabiac\OldScripts\KeyboardInput.cs", "C#", 0, 38, 0, 0, 0, 0, 0, 0, 0, 8, 46
"c:\Users\v.kruglyakov\Desktop\Projects\Gabiac\OldScripts\MouseInput.cs", "C#", 0, 37, 0, 0, 0, 0, 0, 0, 0, 7, 44
"c:\Users\v.kruglyakov\Desktop\Projects\Gabiac\OldScripts\Player.cs", "C#", 0, 51, 0, 0, 0, 0, 0, 0, 0, 8, 59
"c:\Users\v.kruglyakov\Desktop\Projects\Gabiac\OldScripts\Sprite.cs", "C#", 0, 37, 0, 0, 0, 0, 0, 0, 0, 7, 44
"c:\Users\v.kruglyakov\Desktop\Projects\Gabiac\OldScripts\TouchPointerInput.cs", "C#", 0, 35, 0, 0, 0, 0, 0, 0, 0, 6, 41
"c:\Users\v.kruglyakov\Desktop\Projects\Gabiac\OldScripts\Transform.cs", "C#", 0, 72, 0, 0, 0, 0, 0, 0, 1, 22, 95
"c:\Users\v.kruglyakov\Desktop\Projects\Gabiac\Program.cs", "C#", 0, 13, 0, 0, 0, 0, 0, 0, 0, 2, 15
"c:\Users\v.kruglyakov\Desktop\Projects\Gabiac\README.md", "Markdown", 0, 0, 7, 0, 0, 0, 0, 0, 0, 5, 12
"c:\Users\v.kruglyakov\Desktop\Projects\Gabiac\References\packages\assetmanagementbase\0.5.2\assetmanagementbase.nuspec", "XML", 16, 0, 0, 0, 0, 0, 0, 0, 0, 0, 16
"c:\Users\v.kruglyakov\Desktop\Projects\Gabiac\References\packages\cyotek.drawing.bitmapfont\2.0.1\cyotek.drawing.bitmapfont.nuspec", "XML", 37, 0, 0, 0, 0, 0, 0, 0, 0, 0, 37
"c:\Users\v.kruglyakov\Desktop\Projects\Gabiac\References\packages\cyotek.drawing.bitmapfont\2.0.1\lib\net35\Cyotek.Drawing.BitmapFont.xml", "XML", 756, 0, 0, 0, 0, 0, 0, 0, 0, 1, 757
"c:\Users\v.kruglyakov\Desktop\Projects\Gabiac\References\packages\cyotek.drawing.bitmapfont\2.0.1\lib\net40\Cyotek.Drawing.BitmapFont.xml", "XML", 756, 0, 0, 0, 0, 0, 0, 0, 0, 1, 757
"c:\Users\v.kruglyakov\Desktop\Projects\Gabiac\References\packages\cyotek.drawing.bitmapfont\2.0.1\lib\net452\Cyotek.Drawing.BitmapFont.xml", "XML", 756, 0, 0, 0, 0, 0, 0, 0, 0, 1, 757
"c:\Users\v.kruglyakov\Desktop\Projects\Gabiac\References\packages\cyotek.drawing.bitmapfont\2.0.1\lib\net462\Cyotek.Drawing.BitmapFont.xml", "XML", 756, 0, 0, 0, 0, 0, 0, 0, 0, 1, 757
"c:\Users\v.kruglyakov\Desktop\Projects\Gabiac\References\packages\cyotek.drawing.bitmapfont\2.0.1\lib\net472\Cyotek.Drawing.BitmapFont.xml", "XML", 756, 0, 0, 0, 0, 0, 0, 0, 0, 1, 757
"c:\Users\v.kruglyakov\Desktop\Projects\Gabiac\References\packages\cyotek.drawing.bitmapfont\2.0.1\lib\net48\Cyotek.Drawing.BitmapFont.xml", "XML", 756, 0, 0, 0, 0, 0, 0, 0, 0, 1, 757
"c:\Users\v.kruglyakov\Desktop\Projects\Gabiac\References\packages\cyotek.drawing.bitmapfont\2.0.1\lib\netcoreapp2.1\Cyotek.Drawing.BitmapFont.xml", "XML", 756, 0, 0, 0, 0, 0, 0, 0, 0, 1, 757
"c:\Users\v.kruglyakov\Desktop\Projects\Gabiac\References\packages\cyotek.drawing.bitmapfont\2.0.1\lib\netcoreapp2.2\Cyotek.Drawing.BitmapFont.xml", "XML", 756, 0, 0, 0, 0, 0, 0, 0, 0, 1, 757
"c:\Users\v.kruglyakov\Desktop\Projects\Gabiac\References\packages\cyotek.drawing.bitmapfont\2.0.1\lib\netcoreapp3.1\Cyotek.Drawing.BitmapFont.xml", "XML", 756, 0, 0, 0, 0, 0, 0, 0, 0, 1, 757
"c:\Users\v.kruglyakov\Desktop\Projects\Gabiac\References\packages\cyotek.drawing.bitmapfont\2.0.1\lib\netstandard1.3\Cyotek.Drawing.BitmapFont.xml", "XML", 756, 0, 0, 0, 0, 0, 0, 0, 0, 1, 757
"c:\Users\v.kruglyakov\Desktop\Projects\Gabiac\References\packages\cyotek.drawing.bitmapfont\2.0.1\lib\netstandard2.0\Cyotek.Drawing.BitmapFont.xml", "XML", 756, 0, 0, 0, 0, 0, 0, 0, 0, 1, 757
"c:\Users\v.kruglyakov\Desktop\Projects\Gabiac\References\packages\cyotek.drawing.bitmapfont\2.0.1\lib\netstandard2.1\Cyotek.Drawing.BitmapFont.xml", "XML", 756, 0, 0, 0, 0, 0, 0, 0, 0, 1, 757
"c:\Users\v.kruglyakov\Desktop\Projects\Gabiac\References\packages\defaultecs.analyzer\0.15.0\defaultecs.analyzer.nuspec", "XML", 18, 0, 0, 0, 0, 0, 0, 0, 0, 0, 18
"c:\Users\v.kruglyakov\Desktop\Projects\Gabiac\References\packages\defaultecs.analyzer\0.15.0\tools\tools\install.ps1", "PowerShell", 0, 0, 0, 0, 0, 49, 0, 0, 4, 5, 58
"c:\Users\v.kruglyakov\Desktop\Projects\Gabiac\References\packages\defaultecs.analyzer\0.15.0\tools\tools\uninstall.ps1", "PowerShell", 0, 0, 0, 0, 0, 55, 0, 0, 4, 6, 65
"c:\Users\v.kruglyakov\Desktop\Projects\Gabiac\References\packages\fontstashsharp.monogame\0.9.2\fontstashsharp.monogame.nuspec", "XML", 25, 0, 0, 0, 0, 0, 0, 0, 0, 0, 25
"c:\Users\v.kruglyakov\Desktop\Projects\Gabiac\References\packages\info.lundin.math.dll\1.2.6\info.lundin.math.dll.nuspec", "XML", 20, 0, 0, 0, 0, 0, 0, 0, 0, 0, 20
"c:\Users\v.kruglyakov\Desktop\Projects\Gabiac\References\packages\microsoft.aspnetcore.app.ref\3.1.10\data\FrameworkList.xml", "XML", 133, 0, 0, 0, 0, 0, 0, 0, 0, 0, 133
"c:\Users\v.kruglyakov\Desktop\Projects\Gabiac\References\packages\microsoft.aspnetcore.app.ref\3.1.10\microsoft.aspnetcore.app.ref.nuspec", "XML", 24, 0, 0, 0, 0, 0, 0, 0, 0, 2, 26
"c:\Users\v.kruglyakov\Desktop\Projects\Gabiac\References\packages\microsoft.aspnetcore.app.ref\3.1.10\ref\netcoreapp3.1\Microsoft.AspNetCore.Antiforgery.xml", "XML", 408, 0, 0, 0, 0, 0, 0, 0, 0, 1, 409
"c:\Users\v.kruglyakov\Desktop\Projects\Gabiac\References\packages\microsoft.aspnetcore.app.ref\3.1.10\ref\netcoreapp3.1\Microsoft.AspNetCore.Authentication.Abstractions.xml", "XML", 831, 0, 0, 0, 0, 0, 0, 0, 0, 1, 832
"c:\Users\v.kruglyakov\Desktop\Projects\Gabiac\References\packages\microsoft.aspnetcore.app.ref\3.1.10\ref\netcoreapp3.1\Microsoft.AspNetCore.Authentication.Cookies.xml", "XML", 492, 0, 0, 0, 0, 0, 0, 0, 0, 4, 496
"c:\Users\v.kruglyakov\Desktop\Projects\Gabiac\References\packages\microsoft.aspnetcore.app.ref\3.1.10\ref\netcoreapp3.1\Microsoft.AspNetCore.Authentication.Core.xml", "XML", 243, 0, 0, 0, 0, 0, 0, 0, 0, 1, 244
"c:\Users\v.kruglyakov\Desktop\Projects\Gabiac\References\packages\microsoft.aspnetcore.app.ref\3.1.10\ref\netcoreapp3.1\Microsoft.AspNetCore.Authentication.OAuth.xml", "XML", 489, 0, 0, 0, 0, 0, 0, 0, 0, 1, 490
"c:\Users\v.kruglyakov\Desktop\Projects\Gabiac\References\packages\microsoft.aspnetcore.app.ref\3.1.10\ref\netcoreapp3.1\Microsoft.AspNetCore.Authentication.xml", "XML", 766, 0, 0, 0, 0, 0, 0, 0, 0, 2, 768
"c:\Users\v.kruglyakov\Desktop\Projects\Gabiac\References\packages\microsoft.aspnetcore.app.ref\3.1.10\ref\netcoreapp3.1\Microsoft.AspNetCore.Authorization.Policy.xml", "XML", 171, 0, 0, 0, 0, 0, 0, 0, 0, 1, 172
"c:\Users\v.kruglyakov\Desktop\Projects\Gabiac\References\packages\microsoft.aspnetcore.app.ref\3.1.10\ref\netcoreapp3.1\Microsoft.AspNetCore.Authorization.xml", "XML", 904, 0, 0, 0, 0, 0, 0, 0, 0, 1, 905
"c:\Users\v.kruglyakov\Desktop\Projects\Gabiac\References\packages\microsoft.aspnetcore.app.ref\3.1.10\ref\netcoreapp3.1\Microsoft.AspNetCore.Components.Authorization.xml", "XML", 159, 0, 0, 0, 0, 0, 0, 0, 0, 2, 161
"c:\Users\v.kruglyakov\Desktop\Projects\Gabiac\References\packages\microsoft.aspnetcore.app.ref\3.1.10\ref\netcoreapp3.1\Microsoft.AspNetCore.Components.Forms.xml", "XML", 294, 0, 0, 0, 0, 0, 0, 0, 0, 6, 300
"c:\Users\v.kruglyakov\Desktop\Projects\Gabiac\References\packages\microsoft.aspnetcore.app.ref\3.1.10\ref\netcoreapp3.1\Microsoft.AspNetCore.Components.Server.xml", "XML", 1876, 0, 0, 0, 0, 0, 0, 0, 0, 7, 1883
"c:\Users\v.kruglyakov\Desktop\Projects\Gabiac\References\packages\microsoft.aspnetcore.app.ref\3.1.10\ref\netcoreapp3.1\Microsoft.AspNetCore.Components.Web.xml", "XML", 1148, 0, 0, 0, 0, 0, 0, 0, 0, 2, 1150
"c:\Users\v.kruglyakov\Desktop\Projects\Gabiac\References\packages\microsoft.aspnetcore.app.ref\3.1.10\ref\netcoreapp3.1\Microsoft.AspNetCore.Components.xml", "XML", 2861, 0, 0, 0, 0, 0, 0, 0, 0, 8, 2869
"c:\Users\v.kruglyakov\Desktop\Projects\Gabiac\References\packages\microsoft.aspnetcore.app.ref\3.1.10\ref\netcoreapp3.1\Microsoft.AspNetCore.Connections.Abstractions.xml", "XML", 278, 0, 0, 0, 0, 0, 0, 0, 0, 1, 279
"c:\Users\v.kruglyakov\Desktop\Projects\Gabiac\References\packages\microsoft.aspnetcore.app.ref\3.1.10\ref\netcoreapp3.1\Microsoft.AspNetCore.CookiePolicy.xml", "XML", 63, 0, 0, 0, 0, 0, 0, 0, 0, 1, 64
"c:\Users\v.kruglyakov\Desktop\Projects\Gabiac\References\packages\microsoft.aspnetcore.app.ref\3.1.10\ref\netcoreapp3.1\Microsoft.AspNetCore.Cors.xml", "XML", 599, 0, 0, 0, 0, 0, 0, 0, 0, 1, 600
"c:\Users\v.kruglyakov\Desktop\Projects\Gabiac\References\packages\microsoft.aspnetcore.app.ref\3.1.10\ref\netcoreapp3.1\Microsoft.AspNetCore.Cryptography.Internal.xml", "XML", 164, 0, 0, 0, 0, 0, 0, 0, 0, 1, 165
"c:\Users\v.kruglyakov\Desktop\Projects\Gabiac\References\packages\microsoft.aspnetcore.app.ref\3.1.10\ref\netcoreapp3.1\Microsoft.AspNetCore.Cryptography.KeyDerivation.xml", "XML", 79, 0, 0, 0, 0, 0, 0, 0, 0, 1, 80
"c:\Users\v.kruglyakov\Desktop\Projects\Gabiac\References\packages\microsoft.aspnetcore.app.ref\3.1.10\ref\netcoreapp3.1\Microsoft.AspNetCore.DataProtection.Abstractions.xml", "XML", 311, 0, 0, 0, 0, 0, 0, 0, 0, 1, 312
"c:\Users\v.kruglyakov\Desktop\Projects\Gabiac\References\packages\microsoft.aspnetcore.app.ref\3.1.10\ref\netcoreapp3.1\Microsoft.AspNetCore.DataProtection.Extensions.xml", "XML", 208, 0, 0, 0, 0, 0, 0, 0, 0, 1, 209
"c:\Users\v.kruglyakov\Desktop\Projects\Gabiac\References\packages\microsoft.aspnetcore.app.ref\3.1.10\ref\netcoreapp3.1\Microsoft.AspNetCore.DataProtection.xml", "XML", 2164, 0, 0, 0, 0, 0, 0, 0, 0, 2, 2166
"c:\Users\v.kruglyakov\Desktop\Projects\Gabiac\References\packages\microsoft.aspnetcore.app.ref\3.1.10\ref\netcoreapp3.1\Microsoft.AspNetCore.Diagnostics.Abstractions.xml", "XML", 174, 0, 0, 0, 0, 0, 0, 0, 0, 1, 175
"c:\Users\v.kruglyakov\Desktop\Projects\Gabiac\References\packages\microsoft.aspnetcore.app.ref\3.1.10\ref\netcoreapp3.1\Microsoft.AspNetCore.Diagnostics.HealthChecks.xml", "XML", 216, 0, 0, 0, 0, 0, 0, 0, 0, 1, 217
"c:\Users\v.kruglyakov\Desktop\Projects\Gabiac\References\packages\microsoft.aspnetcore.app.ref\3.1.10\ref\netcoreapp3.1\Microsoft.AspNetCore.Diagnostics.xml", "XML", 797, 0, 0, 0, 0, 0, 0, 0, 0, 1, 798
"c:\Users\v.kruglyakov\Desktop\Projects\Gabiac\References\packages\microsoft.aspnetcore.app.ref\3.1.10\ref\netcoreapp3.1\Microsoft.AspNetCore.HostFiltering.xml", "XML", 88, 0, 0, 0, 0, 0, 0, 0, 0, 1, 89
"c:\Users\v.kruglyakov\Desktop\Projects\Gabiac\References\packages\microsoft.aspnetcore.app.ref\3.1.10\ref\netcoreapp3.1\Microsoft.AspNetCore.Hosting.Abstractions.xml", "XML", 378, 0, 0, 0, 0, 0, 0, 0, 0, 1, 379
"c:\Users\v.kruglyakov\Desktop\Projects\Gabiac\References\packages\microsoft.aspnetcore.app.ref\3.1.10\ref\netcoreapp3.1\Microsoft.AspNetCore.Hosting.Server.Abstractions.xml", "XML", 95, 0, 0, 0, 0, 0, 0, 0, 0, 1, 96
"c:\Users\v.kruglyakov\Desktop\Projects\Gabiac\References\packages\microsoft.aspnetcore.app.ref\3.1.10\ref\netcoreapp3.1\Microsoft.AspNetCore.Hosting.xml", "XML", 457, 0, 0, 0, 0, 0, 0, 0, 0, 1, 458
"c:\Users\v.kruglyakov\Desktop\Projects\Gabiac\References\packages\microsoft.aspnetcore.app.ref\3.1.10\ref\netcoreapp3.1\Microsoft.AspNetCore.Html.Abstractions.xml", "XML", 285, 0, 0, 0, 0, 0, 0, 0, 0, 1, 286
"c:\Users\v.kruglyakov\Desktop\Projects\Gabiac\References\packages\microsoft.aspnetcore.app.ref\3.1.10\ref\netcoreapp3.1\Microsoft.AspNetCore.Http.Abstractions.xml", "XML", 1931, 0, 0, 0, 0, 0, 0, 0, 0, 2, 1933
"c:\Users\v.kruglyakov\Desktop\Projects\Gabiac\References\packages\microsoft.aspnetcore.app.ref\3.1.10\ref\netcoreapp3.1\Microsoft.AspNetCore.Http.Connections.Common.xml", "XML", 54, 0, 0, 0, 0, 0, 0, 0, 0, 1, 55
"c:\Users\v.kruglyakov\Desktop\Projects\Gabiac\References\packages\microsoft.aspnetcore.app.ref\3.1.10\ref\netcoreapp3.1\Microsoft.AspNetCore.Http.Connections.xml", "XML", 403, 0, 0, 0, 0, 0, 0, 0, 0, 1, 404
"c:\Users\v.kruglyakov\Desktop\Projects\Gabiac\References\packages\microsoft.aspnetcore.app.ref\3.1.10\ref\netcoreapp3.1\Microsoft.AspNetCore.Http.Extensions.xml", "XML", 177, 0, 0, 0, 0, 0, 0, 0, 0, 1, 178
"c:\Users\v.kruglyakov\Desktop\Projects\Gabiac\References\packages\microsoft.aspnetcore.app.ref\3.1.10\ref\netcoreapp3.1\Microsoft.AspNetCore.Http.Features.xml", "XML", 1041, 0, 0, 0, 0, 0, 0, 0, 0, 1, 1042
"c:\Users\v.kruglyakov\Desktop\Projects\Gabiac\References\packages\microsoft.aspnetcore.app.ref\3.1.10\ref\netcoreapp3.1\Microsoft.AspNetCore.Http.xml", "XML", 633, 0, 0, 0, 0, 0, 0, 0, 0, 1, 634
"c:\Users\v.kruglyakov\Desktop\Projects\Gabiac\References\packages\microsoft.aspnetcore.app.ref\3.1.10\ref\netcoreapp3.1\Microsoft.AspNetCore.HttpOverrides.xml", "XML", 231, 0, 0, 0, 0, 0, 0, 0, 0, 1, 232
"c:\Users\v.kruglyakov\Desktop\Projects\Gabiac\References\packages\microsoft.aspnetcore.app.ref\3.1.10\ref\netcoreapp3.1\Microsoft.AspNetCore.HttpsPolicy.xml", "XML", 168, 0, 0, 0, 0, 0, 0, 0, 0, 1, 169
"c:\Users\v.kruglyakov\Desktop\Projects\Gabiac\References\packages\microsoft.aspnetcore.app.ref\3.1.10\ref\netcoreapp3.1\Microsoft.AspNetCore.Identity.xml", "XML", 881, 0, 0, 0, 0, 0, 0, 0, 0, 1, 882
"c:\Users\v.kruglyakov\Desktop\Projects\Gabiac\References\packages\microsoft.aspnetcore.app.ref\3.1.10\ref\netcoreapp3.1\Microsoft.AspNetCore.Localization.Routing.xml", "XML", 29, 0, 0, 0, 0, 0, 0, 0, 0, 1, 30
"c:\Users\v.kruglyakov\Desktop\Projects\Gabiac\References\packages\microsoft.aspnetcore.app.ref\3.1.10\ref\netcoreapp3.1\Microsoft.AspNetCore.Localization.xml", "XML", 442, 0, 0, 0, 0, 0, 0, 0, 0, 1, 443
"c:\Users\v.kruglyakov\Desktop\Projects\Gabiac\References\packages\microsoft.aspnetcore.app.ref\3.1.10\ref\netcoreapp3.1\Microsoft.AspNetCore.Metadata.xml", "XML", 33, 0, 0, 0, 0, 0, 0, 0, 0, 1, 34
"c:\Users\v.kruglyakov\Desktop\Projects\Gabiac\References\packages\microsoft.aspnetcore.app.ref\3.1.10\ref\netcoreapp3.1\Microsoft.AspNetCore.Mvc.Abstractions.xml", "XML", 4883, 0, 0, 0, 0, 0, 0, 0, 0, 13, 4896
"c:\Users\v.kruglyakov\Desktop\Projects\Gabiac\References\packages\microsoft.aspnetcore.app.ref\3.1.10\ref\netcoreapp3.1\Microsoft.AspNetCore.Mvc.ApiExplorer.xml", "XML", 141, 0, 0, 0, 0, 0, 0, 0, 0, 1, 142
"c:\Users\v.kruglyakov\Desktop\Projects\Gabiac\References\packages\microsoft.aspnetcore.app.ref\3.1.10\ref\netcoreapp3.1\Microsoft.AspNetCore.Mvc.Core.xml", "XML", 13819, 0, 0, 0, 0, 0, 0, 0, 0, 33, 13852
"c:\Users\v.kruglyakov\Desktop\Projects\Gabiac\References\packages\microsoft.aspnetcore.app.ref\3.1.10\ref\netcoreapp3.1\Microsoft.AspNetCore.Mvc.Cors.xml", "XML", 109, 0, 0, 0, 0, 0, 0, 0, 0, 1, 110
"c:\Users\v.kruglyakov\Desktop\Projects\Gabiac\References\packages\microsoft.aspnetcore.app.ref\3.1.10\ref\netcoreapp3.1\Microsoft.AspNetCore.Mvc.DataAnnotations.xml", "XML", 398, 0, 0, 0, 0, 0, 0, 0, 0, 1, 399
"c:\Users\v.kruglyakov\Desktop\Projects\Gabiac\References\packages\microsoft.aspnetcore.app.ref\3.1.10\ref\netcoreapp3.1\Microsoft.AspNetCore.Mvc.Formatters.Json.xml", "XML", 8, 0, 0, 0, 0, 0, 0, 0, 0, 1, 9
"c:\Users\v.kruglyakov\Desktop\Projects\Gabiac\References\packages\microsoft.aspnetcore.app.ref\3.1.10\ref\netcoreapp3.1\Microsoft.AspNetCore.Mvc.Formatters.Xml.xml", "XML", 852, 0, 0, 0, 0, 0, 0, 0, 0, 1, 853
"c:\Users\v.kruglyakov\Desktop\Projects\Gabiac\References\packages\microsoft.aspnetcore.app.ref\3.1.10\ref\netcoreapp3.1\Microsoft.AspNetCore.Mvc.Localization.xml", "XML", 651, 0, 0, 0, 0, 0, 0, 0, 0, 1, 652
"c:\Users\v.kruglyakov\Desktop\Projects\Gabiac\References\packages\microsoft.aspnetcore.app.ref\3.1.10\ref\netcoreapp3.1\Microsoft.AspNetCore.Mvc.Razor.xml", "XML", 1632, 0, 0, 0, 0, 0, 0, 0, 0, 3, 1635
"c:\Users\v.kruglyakov\Desktop\Projects\Gabiac\References\packages\microsoft.aspnetcore.app.ref\3.1.10\ref\netcoreapp3.1\Microsoft.AspNetCore.Mvc.RazorPages.xml", "XML", 3889, 0, 0, 0, 0, 0, 0, 0, 0, 1, 3890
"c:\Users\v.kruglyakov\Desktop\Projects\Gabiac\References\packages\microsoft.aspnetcore.app.ref\3.1.10\ref\netcoreapp3.1\Microsoft.AspNetCore.Mvc.TagHelpers.xml", "XML", 1718, 0, 0, 0, 0, 0, 0, 0, 0, 1, 1719
"c:\Users\v.kruglyakov\Desktop\Projects\Gabiac\References\packages\microsoft.aspnetcore.app.ref\3.1.10\ref\netcoreapp3.1\Microsoft.AspNetCore.Mvc.ViewFeatures.xml", "XML", 9236, 0, 0, 0, 0, 0, 0, 0, 0, 2, 9238
"c:\Users\v.kruglyakov\Desktop\Projects\Gabiac\References\packages\microsoft.aspnetcore.app.ref\3.1.10\ref\netcoreapp3.1\Microsoft.AspNetCore.Mvc.xml", "XML", 181, 0, 0, 0, 0, 0, 0, 0, 0, 1, 182
"c:\Users\v.kruglyakov\Desktop\Projects\Gabiac\References\packages\microsoft.aspnetcore.app.ref\3.1.10\ref\netcoreapp3.1\Microsoft.AspNetCore.Razor.Runtime.xml", "XML", 434, 0, 0, 0, 0, 0, 0, 0, 0, 1, 435
"c:\Users\v.kruglyakov\Desktop\Projects\Gabiac\References\packages\microsoft.aspnetcore.app.ref\3.1.10\ref\netcoreapp3.1\Microsoft.AspNetCore.Razor.xml", "XML", 1014, 0, 0, 0, 0, 0, 0, 0, 0, 1, 1015
"c:\Users\v.kruglyakov\Desktop\Projects\Gabiac\References\packages\microsoft.aspnetcore.app.ref\3.1.10\ref\netcoreapp3.1\Microsoft.AspNetCore.ResponseCaching.Abstractions.xml", "XML", 18, 0, 0, 0, 0, 0, 0, 0, 0, 1, 19
"c:\Users\v.kruglyakov\Desktop\Projects\Gabiac\References\packages\microsoft.aspnetcore.app.ref\3.1.10\ref\netcoreapp3.1\Microsoft.AspNetCore.ResponseCaching.xml", "XML", 181, 0, 0, 0, 0, 0, 0, 0, 0, 1, 182
"c:\Users\v.kruglyakov\Desktop\Projects\Gabiac\References\packages\microsoft.aspnetcore.app.ref\3.1.10\ref\netcoreapp3.1\Microsoft.AspNetCore.ResponseCompression.xml", "XML", 264, 0, 0, 0, 0, 0, 0, 0, 0, 1, 265
"c:\Users\v.kruglyakov\Desktop\Projects\Gabiac\References\packages\microsoft.aspnetcore.app.ref\3.1.10\ref\netcoreapp3.1\Microsoft.AspNetCore.Rewrite.xml", "XML", 494, 0, 0, 0, 0, 0, 0, 0, 0, 1, 495
"c:\Users\v.kruglyakov\Desktop\Projects\Gabiac\References\packages\microsoft.aspnetcore.app.ref\3.1.10\ref\netcoreapp3.1\Microsoft.AspNetCore.Routing.Abstractions.xml", "XML", 563, 0, 0, 0, 0, 0, 0, 0, 0, 2, 565
"c:\Users\v.kruglyakov\Desktop\Projects\Gabiac\References\packages\microsoft.aspnetcore.app.ref\3.1.10\ref\netcoreapp3.1\Microsoft.AspNetCore.Routing.xml", "XML", 3750, 0, 0, 0, 0, 0, 0, 0, 0, 6, 3756
"c:\Users\v.kruglyakov\Desktop\Projects\Gabiac\References\packages\microsoft.aspnetcore.app.ref\3.1.10\ref\netcoreapp3.1\Microsoft.AspNetCore.Server.HttpSys.xml", "XML", 521, 0, 0, 0, 0, 0, 0, 0, 0, 16, 537
"c:\Users\v.kruglyakov\Desktop\Projects\Gabiac\References\packages\microsoft.aspnetcore.app.ref\3.1.10\ref\netcoreapp3.1\Microsoft.AspNetCore.Server.IIS.xml", "XML", 614, 0, 0, 0, 0, 0, 0, 0, 0, 5, 619
"c:\Users\v.kruglyakov\Desktop\Projects\Gabiac\References\packages\microsoft.aspnetcore.app.ref\3.1.10\ref\netcoreapp3.1\Microsoft.AspNetCore.Server.IISIntegration.xml", "XML", 39, 0, 0, 0, 0, 0, 0, 0, 0, 1, 40
"c:\Users\v.kruglyakov\Desktop\Projects\Gabiac\References\packages\microsoft.aspnetcore.app.ref\3.1.10\ref\netcoreapp3.1\Microsoft.AspNetCore.Server.Kestrel.Core.xml", "XML", 1973, 0, 0, 0, 0, 0, 0, 0, 0, 5, 1978
"c:\Users\v.kruglyakov\Desktop\Projects\Gabiac\References\packages\microsoft.aspnetcore.app.ref\3.1.10\ref\netcoreapp3.1\Microsoft.AspNetCore.Server.Kestrel.Transport.Sockets.xml", "XML", 201, 0, 0, 0, 0, 0, 0, 0, 0, 1, 202
"c:\Users\v.kruglyakov\Desktop\Projects\Gabiac\References\packages\microsoft.aspnetcore.app.ref\3.1.10\ref\netcoreapp3.1\Microsoft.AspNetCore.Server.Kestrel.xml", "XML", 71, 0, 0, 0, 0, 0, 0, 0, 0, 1, 72
"c:\Users\v.kruglyakov\Desktop\Projects\Gabiac\References\packages\microsoft.aspnetcore.app.ref\3.1.10\ref\netcoreapp3.1\Microsoft.AspNetCore.Session.xml", "XML", 135, 0, 0, 0, 0, 0, 0, 0, 0, 1, 136
"c:\Users\v.kruglyakov\Desktop\Projects\Gabiac\References\packages\microsoft.aspnetcore.app.ref\3.1.10\ref\netcoreapp3.1\Microsoft.AspNetCore.SignalR.Common.xml", "XML", 451, 0, 0, 0, 0, 0, 0, 0, 0, 1, 452
"c:\Users\v.kruglyakov\Desktop\Projects\Gabiac\References\packages\microsoft.aspnetcore.app.ref\3.1.10\ref\netcoreapp3.1\Microsoft.AspNetCore.SignalR.Core.xml", "XML", 1652, 0, 0, 0, 0, 0, 0, 0, 0, 2, 1654
"c:\Users\v.kruglyakov\Desktop\Projects\Gabiac\References\packages\microsoft.aspnetcore.app.ref\3.1.10\ref\netcoreapp3.1\Microsoft.AspNetCore.SignalR.Protocols.Json.xml", "XML", 86, 0, 0, 0, 0, 0, 0, 0, 0, 1, 87
"c:\Users\v.kruglyakov\Desktop\Projects\Gabiac\References\packages\microsoft.aspnetcore.app.ref\3.1.10\ref\netcoreapp3.1\Microsoft.AspNetCore.SignalR.xml", "XML", 138, 0, 0, 0, 0, 0, 0, 0, 0, 1, 139
"c:\Users\v.kruglyakov\Desktop\Projects\Gabiac\References\packages\microsoft.aspnetcore.app.ref\3.1.10\ref\netcoreapp3.1\Microsoft.AspNetCore.StaticFiles.xml", "XML", 639, 0, 0, 0, 0, 0, 0, 0, 0, 1, 640
"c:\Users\v.kruglyakov\Desktop\Projects\Gabiac\References\packages\microsoft.aspnetcore.app.ref\3.1.10\ref\netcoreapp3.1\Microsoft.AspNetCore.WebSockets.xml", "XML", 43, 0, 0, 0, 0, 0, 0, 0, 0, 1, 44
"c:\Users\v.kruglyakov\Desktop\Projects\Gabiac\References\packages\microsoft.aspnetcore.app.ref\3.1.10\ref\netcoreapp3.1\Microsoft.AspNetCore.WebUtilities.xml", "XML", 695, 0, 0, 0, 0, 0, 0, 0, 0, 5, 700
"c:\Users\v.kruglyakov\Desktop\Projects\Gabiac\References\packages\microsoft.aspnetcore.app.ref\3.1.10\ref\netcoreapp3.1\Microsoft.AspNetCore.xml", "XML", 141, 0, 0, 0, 0, 0, 0, 0, 0, 1, 142
"c:\Users\v.kruglyakov\Desktop\Projects\Gabiac\References\packages\microsoft.aspnetcore.app.ref\3.1.10\ref\netcoreapp3.1\Microsoft.Extensions.Caching.Abstractions.xml", "XML", 528, 0, 0, 0, 0, 0, 0, 0, 0, 1, 529
"c:\Users\v.kruglyakov\Desktop\Projects\Gabiac\References\packages\microsoft.aspnetcore.app.ref\3.1.10\ref\netcoreapp3.1\Microsoft.Extensions.Caching.Memory.xml", "XML", 173, 0, 0, 0, 0, 0, 0, 0, 0, 1, 174
"c:\Users\v.kruglyakov\Desktop\Projects\Gabiac\References\packages\microsoft.aspnetcore.app.ref\3.1.10\ref\netcoreapp3.1\Microsoft.Extensions.Configuration.Abstractions.xml", "XML", 251, 0, 0, 0, 0, 0, 0, 0, 0, 1, 252
"c:\Users\v.kruglyakov\Desktop\Projects\Gabiac\References\packages\microsoft.aspnetcore.app.ref\3.1.10\ref\netcoreapp3.1\Microsoft.Extensions.Configuration.Binder.xml", "XML", 157, 0, 0, 0, 0, 0, 0, 0, 0, 1, 158
"c:\Users\v.kruglyakov\Desktop\Projects\Gabiac\References\packages\microsoft.aspnetcore.app.ref\3.1.10\ref\netcoreapp3.1\Microsoft.Extensions.Configuration.CommandLine.xml", "XML", 211, 0, 0, 0, 0, 0, 0, 0, 0, 9, 220
"c:\Users\v.kruglyakov\Desktop\Projects\Gabiac\References\packages\microsoft.aspnetcore.app.ref\3.1.10\ref\netcoreapp3.1\Microsoft.Extensions.Configuration.EnvironmentVariables.xml", "XML", 75, 0, 0, 0, 0, 0, 0, 0, 0, 1, 76
"c:\Users\v.kruglyakov\Desktop\Projects\Gabiac\References\packages\microsoft.aspnetcore.app.ref\3.1.10\ref\netcoreapp3.1\Microsoft.Extensions.Configuration.FileExtensions.xml", "XML", 182, 0, 0, 0, 0, 0, 0, 0, 0, 1, 183
"c:\Users\v.kruglyakov\Desktop\Projects\Gabiac\References\packages\microsoft.aspnetcore.app.ref\3.1.10\ref\netcoreapp3.1\Microsoft.Extensions.Configuration.Ini.xml", "XML", 178, 0, 0, 0, 0, 0, 0, 0, 0, 1, 179
"c:\Users\v.kruglyakov\Desktop\Projects\Gabiac\References\packages\microsoft.aspnetcore.app.ref\3.1.10\ref\netcoreapp3.1\Microsoft.Extensions.Configuration.Json.xml", "XML", 147, 0, 0, 0, 0, 0, 0, 0, 0, 1, 148
"c:\Users\v.kruglyakov\Desktop\Projects\Gabiac\References\packages\microsoft.aspnetcore.app.ref\3.1.10\ref\netcoreapp3.1\Microsoft.Extensions.Configuration.KeyPerFile.xml", "XML", 93, 0, 0, 0, 0, 0, 0, 0, 0, 1, 94
"c:\Users\v.kruglyakov\Desktop\Projects\Gabiac\References\packages\microsoft.aspnetcore.app.ref\3.1.10\ref\netcoreapp3.1\Microsoft.Extensions.Configuration.UserSecrets.xml", "XML", 195, 0, 0, 0, 0, 0, 0, 0, 0, 1, 196
"c:\Users\v.kruglyakov\Desktop\Projects\Gabiac\References\packages\microsoft.aspnetcore.app.ref\3.1.10\ref\netcoreapp3.1\Microsoft.Extensions.Configuration.Xml.xml", "XML", 191, 0, 0, 0, 0, 0, 0, 0, 0, 1, 192
"c:\Users\v.kruglyakov\Desktop\Projects\Gabiac\References\packages\microsoft.aspnetcore.app.ref\3.1.10\ref\netcoreapp3.1\Microsoft.Extensions.Configuration.xml", "XML", 480, 0, 0, 0, 0, 0, 0, 0, 0, 1, 481
"c:\Users\v.kruglyakov\Desktop\Projects\Gabiac\References\packages\microsoft.aspnetcore.app.ref\3.1.10\ref\netcoreapp3.1\Microsoft.Extensions.DependencyInjection.Abstractions.xml", "XML", 1054, 0, 0, 0, 0, 0, 0, 0, 0, 1, 1055
"c:\Users\v.kruglyakov\Desktop\Projects\Gabiac\References\packages\microsoft.aspnetcore.app.ref\3.1.10\ref\netcoreapp3.1\Microsoft.Extensions.DependencyInjection.xml", "XML", 251, 0, 0, 0, 0, 0, 0, 0, 0, 1, 252
"c:\Users\v.kruglyakov\Desktop\Projects\Gabiac\References\packages\microsoft.aspnetcore.app.ref\3.1.10\ref\netcoreapp3.1\Microsoft.Extensions.Diagnostics.HealthChecks.Abstractions.xml", "XML", 330, 0, 0, 0, 0, 0, 0, 0, 0, 1, 331
"c:\Users\v.kruglyakov\Desktop\Projects\Gabiac\References\packages\microsoft.aspnetcore.app.ref\3.1.10\ref\netcoreapp3.1\Microsoft.Extensions.Diagnostics.HealthChecks.xml", "XML", 396, 0, 0, 0, 0, 0, 0, 0, 0, 1, 397
"c:\Users\v.kruglyakov\Desktop\Projects\Gabiac\References\packages\microsoft.aspnetcore.app.ref\3.1.10\ref\netcoreapp3.1\Microsoft.Extensions.FileProviders.Abstractions.xml", "XML", 207, 0, 0, 0, 0, 0, 0, 0, 0, 1, 208
"c:\Users\v.kruglyakov\Desktop\Projects\Gabiac\References\packages\microsoft.aspnetcore.app.ref\3.1.10\ref\netcoreapp3.1\Microsoft.Extensions.FileProviders.Composite.xml", "XML", 80, 0, 0, 0, 0, 0, 0, 0, 0, 1, 81
"c:\Users\v.kruglyakov\Desktop\Projects\Gabiac\References\packages\microsoft.aspnetcore.app.ref\3.1.10\ref\netcoreapp3.1\Microsoft.Extensions.FileProviders.Embedded.xml", "XML", 158, 0, 0, 0, 0, 0, 0, 0, 0, 1, 159
"c:\Users\v.kruglyakov\Desktop\Projects\Gabiac\References\packages\microsoft.aspnetcore.app.ref\3.1.10\ref\netcoreapp3.1\Microsoft.Extensions.FileProviders.Physical.xml", "XML", 384, 0, 0, 0, 0, 0, 0, 0, 0, 1, 385
"c:\Users\v.kruglyakov\Desktop\Projects\Gabiac\References\packages\microsoft.aspnetcore.app.ref\3.1.10\ref\netcoreapp3.1\Microsoft.Extensions.FileSystemGlobbing.xml", "XML", 484, 0, 0, 0, 0, 0, 0, 0, 0, 1, 485
"c:\Users\v.kruglyakov\Desktop\Projects\Gabiac\References\packages\microsoft.aspnetcore.app.ref\3.1.10\ref\netcoreapp3.1\Microsoft.Extensions.Hosting.Abstractions.xml", "XML", 472, 0, 0, 0, 0, 0, 0, 0, 0, 1, 473
"c:\Users\v.kruglyakov\Desktop\Projects\Gabiac\References\packages\microsoft.aspnetcore.app.ref\3.1.10\ref\netcoreapp3.1\Microsoft.Extensions.Hosting.xml", "XML", 298, 0, 0, 0, 0, 0, 0, 0, 0, 1, 299
"c:\Users\v.kruglyakov\Desktop\Projects\Gabiac\References\packages\microsoft.aspnetcore.app.ref\3.1.10\ref\netcoreapp3.1\Microsoft.Extensions.Http.xml", "XML", 1040, 0, 0, 0, 0, 0, 0, 0, 0, 6, 1046
"c:\Users\v.kruglyakov\Desktop\Projects\Gabiac\References\packages\microsoft.aspnetcore.app.ref\3.1.10\ref\netcoreapp3.1\Microsoft.Extensions.Identity.Core.xml", "XML", 3835, 0, 0, 0, 0, 0, 0, 0, 0, 4, 3839
"c:\Users\v.kruglyakov\Desktop\Projects\Gabiac\References\packages\microsoft.aspnetcore.app.ref\3.1.10\ref\netcoreapp3.1\Microsoft.Extensions.Identity.Stores.xml", "XML", 1206, 0, 0, 0, 0, 0, 0, 0, 0, 1, 1207
"c:\Users\v.kruglyakov\Desktop\Projects\Gabiac\References\packages\microsoft.aspnetcore.app.ref\3.1.10\ref\netcoreapp3.1\Microsoft.Extensions.Localization.Abstractions.xml", "XML", 185, 0, 0, 0, 0, 0, 0, 0, 0, 1, 186
"c:\Users\v.kruglyakov\Desktop\Projects\Gabiac\References\packages\microsoft.aspnetcore.app.ref\3.1.10\ref\netcoreapp3.1\Microsoft.Extensions.Localization.xml", "XML", 318, 0, 0, 0, 0, 0, 0, 0, 0, 1, 319
"c:\Users\v.kruglyakov\Desktop\Projects\Gabiac\References\packages\microsoft.aspnetcore.app.ref\3.1.10\ref\netcoreapp3.1\Microsoft.Extensions.Logging.Abstractions.xml", "XML", 838, 0, 0, 0, 0, 0, 0, 0, 0, 1, 839
"c:\Users\v.kruglyakov\Desktop\Projects\Gabiac\References\packages\microsoft.aspnetcore.app.ref\3.1.10\ref\netcoreapp3.1\Microsoft.Extensions.Logging.Configuration.xml", "XML", 79, 0, 0, 0, 0, 0, 0, 0, 0, 1, 80
"c:\Users\v.kruglyakov\Desktop\Projects\Gabiac\References\packages\microsoft.aspnetcore.app.ref\3.1.10\ref\netcoreapp3.1\Microsoft.Extensions.Logging.Console.xml", "XML", 121, 0, 0, 0, 0, 0, 0, 0, 0, 1, 122
"c:\Users\v.kruglyakov\Desktop\Projects\Gabiac\References\packages\microsoft.aspnetcore.app.ref\3.1.10\ref\netcoreapp3.1\Microsoft.Extensions.Logging.Debug.xml", "XML", 71, 0, 0, 0, 0, 0, 0, 0, 0, 1, 72
"c:\Users\v.kruglyakov\Desktop\Projects\Gabiac\References\packages\microsoft.aspnetcore.app.ref\3.1.10\ref\netcoreapp3.1\Microsoft.Extensions.Logging.EventLog.xml", "XML", 114, 0, 0, 0, 0, 0, 0, 0, 0, 1, 115
"c:\Users\v.kruglyakov\Desktop\Projects\Gabiac\References\packages\microsoft.aspnetcore.app.ref\3.1.10\ref\netcoreapp3.1\Microsoft.Extensions.Logging.EventSource.xml", "XML", 214, 0, 0, 0, 0, 0, 0, 0, 0, 21, 235
"c:\Users\v.kruglyakov\Desktop\Projects\Gabiac\References\packages\microsoft.aspnetcore.app.ref\3.1.10\ref\netcoreapp3.1\Microsoft.Extensions.Logging.TraceSource.xml", "XML", 93, 0, 0, 0, 0, 0, 0, 0, 0, 1, 94
"c:\Users\v.kruglyakov\Desktop\Projects\Gabiac\References\packages\microsoft.aspnetcore.app.ref\3.1.10\ref\netcoreapp3.1\Microsoft.Extensions.Logging.xml", "XML", 392, 0, 0, 0, 0, 0, 0, 0, 0, 1, 393
"c:\Users\v.kruglyakov\Desktop\Projects\Gabiac\References\packages\microsoft.aspnetcore.app.ref\3.1.10\ref\netcoreapp3.1\Microsoft.Extensions.ObjectPool.xml", "XML", 103, 0, 0, 0, 0, 0, 0, 0, 0, 1, 104
"c:\Users\v.kruglyakov\Desktop\Projects\Gabiac\References\packages\microsoft.aspnetcore.app.ref\3.1.10\ref\netcoreapp3.1\Microsoft.Extensions.Options.ConfigurationExtensions.xml", "XML", 141, 0, 0, 0, 0, 0, 0, 0, 0, 1, 142
"c:\Users\v.kruglyakov\Desktop\Projects\Gabiac\References\packages\microsoft.aspnetcore.app.ref\3.1.10\ref\netcoreapp3.1\Microsoft.Extensions.Options.DataAnnotations.xml", "XML", 46, 0, 0, 0, 0, 0, 0, 0, 0, 1, 47
"c:\Users\v.kruglyakov\Desktop\Projects\Gabiac\References\packages\microsoft.aspnetcore.app.ref\3.1.10\ref\netcoreapp3.1\Microsoft.Extensions.Options.xml", "XML", 1820, 0, 0, 0, 0, 0, 0, 0, 0, 1, 1821
"c:\Users\v.kruglyakov\Desktop\Projects\Gabiac\References\packages\microsoft.aspnetcore.app.ref\3.1.10\ref\netcoreapp3.1\Microsoft.Extensions.Primitives.xml", "XML", 524, 0, 0, 0, 0, 0, 0, 0, 0, 1, 525
"c:\Users\v.kruglyakov\Desktop\Projects\Gabiac\References\packages\microsoft.aspnetcore.app.ref\3.1.10\ref\netcoreapp3.1\Microsoft.Extensions.WebEncoders.xml", "XML", 58, 0, 0, 0, 0, 0, 0, 0, 0, 1, 59
"c:\Users\v.kruglyakov\Desktop\Projects\Gabiac\References\packages\microsoft.aspnetcore.app.ref\3.1.10\ref\netcoreapp3.1\Microsoft.JSInterop.xml", "XML", 433, 0, 0, 0, 0, 0, 0, 0, 0, 3, 436
"c:\Users\v.kruglyakov\Desktop\Projects\Gabiac\References\packages\microsoft.aspnetcore.app.ref\3.1.10\ref\netcoreapp3.1\Microsoft.Net.Http.Headers.xml", "XML", 472, 0, 0, 0, 0, 0, 0, 0, 0, 1, 473
"c:\Users\v.kruglyakov\Desktop\Projects\Gabiac\References\packages\microsoft.aspnetcore.app.ref\3.1.10\ref\netcoreapp3.1\Microsoft.Win32.Registry.xml", "XML", 939, 0, 0, 0, 0, 0, 0, 0, 0, 0, 939
"c:\Users\v.kruglyakov\Desktop\Projects\Gabiac\References\packages\microsoft.aspnetcore.app.ref\3.1.10\ref\netcoreapp3.1\System.Diagnostics.EventLog.xml", "XML", 2024, 0, 0, 0, 0, 0, 0, 0, 0, 0, 2024
"c:\Users\v.kruglyakov\Desktop\Projects\Gabiac\References\packages\microsoft.aspnetcore.app.ref\3.1.10\ref\netcoreapp3.1\System.IO.Pipelines.xml", "XML", 318, 0, 0, 0, 0, 0, 0, 0, 0, 0, 318
"c:\Users\v.kruglyakov\Desktop\Projects\Gabiac\References\packages\microsoft.aspnetcore.app.ref\3.1.10\ref\netcoreapp3.1\System.Security.AccessControl.xml", "XML", 2046, 0, 0, 0, 0, 0, 0, 0, 0, 0, 2046
"c:\Users\v.kruglyakov\Desktop\Projects\Gabiac\References\packages\microsoft.aspnetcore.app.ref\3.1.10\ref\netcoreapp3.1\System.Security.Cryptography.Cng.xml", "XML", 1627, 0, 0, 0, 0, 0, 0, 0, 0, 0, 1627
"c:\Users\v.kruglyakov\Desktop\Projects\Gabiac\References\packages\microsoft.aspnetcore.app.ref\3.1.10\ref\netcoreapp3.1\System.Security.Cryptography.Xml.xml", "XML", 2060, 0, 0, 0, 0, 0, 0, 0, 0, 0, 2060
"c:\Users\v.kruglyakov\Desktop\Projects\Gabiac\References\packages\microsoft.aspnetcore.app.ref\3.1.10\ref\netcoreapp3.1\System.Security.Permissions.xml", "XML", 7202, 0, 0, 0, 0, 0, 0, 0, 0, 5, 7207
"c:\Users\v.kruglyakov\Desktop\Projects\Gabiac\References\packages\microsoft.aspnetcore.app.ref\3.1.10\ref\netcoreapp3.1\System.Security.Principal.Windows.xml", "XML", 1022, 0, 0, 0, 0, 0, 0, 0, 0, 7, 1029
"c:\Users\v.kruglyakov\Desktop\Projects\Gabiac\References\packages\microsoft.aspnetcore.app.ref\3.1.10\ref\netcoreapp3.1\System.Windows.Extensions.xml", "XML", 530, 0, 0, 0, 0, 0, 0, 0, 0, 0, 530
"c:\Users\v.kruglyakov\Desktop\Projects\Gabiac\References\packages\microsoft.netcore.app.host.win-x64\3.1.10\microsoft.netcore.app.host.win-x64.nuspec", "XML", 25, 0, 0, 0, 0, 0, 0, 0, 0, 0, 25
"c:\Users\v.kruglyakov\Desktop\Projects\Gabiac\References\packages\microsoft.netcore.app.host.win-x64\3.1.10\runtimes\win-x64\native\nethost.h", "C++", 0, 0, 0, 0, 40, 0, 0, 0, 44, 11, 95
"c:\Users\v.kruglyakov\Desktop\Projects\Gabiac\References\packages\monogame.content.builder.task\3.8.0.1641\build\MonoGame.Content.Builder.Task.props", "XML", 7, 0, 0, 0, 0, 0, 0, 0, 0, 3, 10
"c:\Users\v.kruglyakov\Desktop\Projects\Gabiac\References\packages\monogame.content.builder.task\3.8.0.1641\build\MonoGame.Content.Builder.Task.targets", "XML", 80, 0, 0, 0, 0, 0, 0, 0, 78, 27, 185
"c:\Users\v.kruglyakov\Desktop\Projects\Gabiac\References\packages\monogame.content.builder.task\3.8.0.1641\monogame.content.builder.task.nuspec", "XML", 16, 0, 0, 0, 0, 0, 0, 0, 0, 0, 16
"c:\Users\v.kruglyakov\Desktop\Projects\Gabiac\References\packages\monogame.content.builder.task\3.8.0.1641\tools\netcoreapp3.1\any\MonoGame.Framework.xml", "XML", 22964, 0, 0, 0, 0, 0, 0, 0, 0, 412, 23376
"c:\Users\v.kruglyakov\Desktop\Projects\Gabiac\References\packages\monogame.content.builder.task\3.8.0.1641\tools\netcoreapp3.1\any\SharpDX.D3DCompiler.xml", "XML", 6789, 0, 0, 0, 0, 0, 0, 0, 0, 1, 6790
"c:\Users\v.kruglyakov\Desktop\Projects\Gabiac\References\packages\monogame.content.builder.task\3.8.0.1641\tools\netcoreapp3.1\any\SharpDX.xml", "XML", 38927, 0, 0, 0, 0, 0, 0, 0, 0, 20, 38947
"c:\Users\v.kruglyakov\Desktop\Projects\Gabiac\References\packages\monogame.content.builder.task\3.8.0.1641\tools\netcoreapp3.1\any\mgcb.deps.json", "JSON", 0, 0, 0, 186, 0, 0, 0, 0, 0, 0, 186
"c:\Users\v.kruglyakov\Desktop\Projects\Gabiac\References\packages\monogame.content.builder.task\3.8.0.1641\tools\netcoreapp3.1\any\mgcb.runtimeconfig.json", "JSON", 0, 0, 0, 9, 0, 0, 0, 0, 0, 0, 9
"c:\Users\v.kruglyakov\Desktop\Projects\Gabiac\References\packages\monogame.content.builder.task\3.8.0.1641\tools\netcoreapp3.1\any\mgfxc.deps.json", "JSON", 0, 0, 0, 67, 0, 0, 0, 0, 0, 0, 67
"c:\Users\v.kruglyakov\Desktop\Projects\Gabiac\References\packages\monogame.content.builder.task\3.8.0.1641\tools\netcoreapp3.1\any\mgfxc.runtimeconfig.json", "JSON", 0, 0, 0, 9, 0, 0, 0, 0, 0, 0, 9
"c:\Users\v.kruglyakov\Desktop\Projects\Gabiac\References\packages\monogame.extended.graphics\3.8.0\monogame.extended.graphics.nuspec", "XML", 19, 0, 0, 0, 0, 0, 0, 0, 0, 0, 19
"c:\Users\v.kruglyakov\Desktop\Projects\Gabiac\References\packages\monogame.extended.gui\3.8.0\monogame.extended.gui.nuspec", "XML", 20, 0, 0, 0, 0, 0, 0, 0, 0, 0, 20
"c:\Users\v.kruglyakov\Desktop\Projects\Gabiac\References\packages\monogame.extended.input\3.8.0\monogame.extended.input.nuspec", "XML", 19, 0, 0, 0, 0, 0, 0, 0, 0, 0, 19
"c:\Users\v.kruglyakov\Desktop\Projects\Gabiac\References\packages\monogame.extended\3.8.0\contentFiles\any\netstandard2.0\SharpDX.D3DCompiler.xml", "XML", 6789, 0, 0, 0, 0, 0, 0, 0, 0, 1, 6790
"c:\Users\v.kruglyakov\Desktop\Projects\Gabiac\References\packages\monogame.extended\3.8.0\contentFiles\any\netstandard2.0\SharpDX.xml", "XML", 38927, 0, 0, 0, 0, 0, 0, 0, 0, 20, 38947
"c:\Users\v.kruglyakov\Desktop\Projects\Gabiac\References\packages\monogame.extended\3.8.0\contentFiles\any\netstandard2.0\mgfxc.deps.json", "JSON", 0, 0, 0, 67, 0, 0, 0, 0, 0, 0, 67
"c:\Users\v.kruglyakov\Desktop\Projects\Gabiac\References\packages\monogame.extended\3.8.0\contentFiles\any\netstandard2.0\mgfxc.runtimeconfig.dev.json", "JSON", 0, 0, 0, 9, 0, 0, 0, 0, 0, 0, 9
"c:\Users\v.kruglyakov\Desktop\Projects\Gabiac\References\packages\monogame.extended\3.8.0\contentFiles\any\netstandard2.0\mgfxc.runtimeconfig.json", "JSON", 0, 0, 0, 9, 0, 0, 0, 0, 0, 0, 9
"c:\Users\v.kruglyakov\Desktop\Projects\Gabiac\References\packages\monogame.extended\3.8.0\content\SharpDX.D3DCompiler.xml", "XML", 6789, 0, 0, 0, 0, 0, 0, 0, 0, 1, 6790
"c:\Users\v.kruglyakov\Desktop\Projects\Gabiac\References\packages\monogame.extended\3.8.0\content\SharpDX.xml", "XML", 38927, 0, 0, 0, 0, 0, 0, 0, 0, 20, 38947
"c:\Users\v.kruglyakov\Desktop\Projects\Gabiac\References\packages\monogame.extended\3.8.0\content\mgfxc.deps.json", "JSON", 0, 0, 0, 67, 0, 0, 0, 0, 0, 0, 67
"c:\Users\v.kruglyakov\Desktop\Projects\Gabiac\References\packages\monogame.extended\3.8.0\content\mgfxc.runtimeconfig.dev.json", "JSON", 0, 0, 0, 9, 0, 0, 0, 0, 0, 0, 9
"c:\Users\v.kruglyakov\Desktop\Projects\Gabiac\References\packages\monogame.extended\3.8.0\content\mgfxc.runtimeconfig.json", "JSON", 0, 0, 0, 9, 0, 0, 0, 0, 0, 0, 9
"c:\Users\v.kruglyakov\Desktop\Projects\Gabiac\References\packages\monogame.extended\3.8.0\monogame.extended.nuspec", "XML", 33, 0, 0, 0, 0, 0, 0, 0, 0, 0, 33
"c:\Users\v.kruglyakov\Desktop\Projects\Gabiac\References\packages\monogame.framework.desktopgl\3.8.0.1641\build\MonoGame.Framework.DesktopGL.targets", "XML", 17, 0, 0, 0, 0, 0, 0, 0, 0, 5, 22
"c:\Users\v.kruglyakov\Desktop\Projects\Gabiac\References\packages\monogame.framework.desktopgl\3.8.0.1641\lib\net452\MonoGame.Framework.xml", "XML", 22964, 0, 0, 0, 0, 0, 0, 0, 0, 412, 23376
"c:\Users\v.kruglyakov\Desktop\Projects\Gabiac\References\packages\monogame.framework.desktopgl\3.8.0.1641\lib\netstandard2.0\MonoGame.Framework.xml", "XML", 22964, 0, 0, 0, 0, 0, 0, 0, 0, 412, 23376
"c:\Users\v.kruglyakov\Desktop\Projects\Gabiac\References\packages\monogame.framework.desktopgl\3.8.0.1641\monogame.framework.desktopgl.nuspec", "XML", 21, 0, 0, 0, 0, 0, 0, 0, 0, 0, 21
"c:\Users\v.kruglyakov\Desktop\Projects\Gabiac\References\packages\monogame.primitives2d\1.1.1\monogame.primitives2d.nuspec", "XML", 23, 0, 0, 0, 0, 0, 0, 0, 0, 0, 23
"c:\Users\v.kruglyakov\Desktop\Projects\Gabiac\References\packages\myra\1.2.2\myra.nuspec", "XML", 25, 0, 0, 0, 0, 0, 0, 0, 0, 0, 25
"c:\Users\v.kruglyakov\Desktop\Projects\Gabiac\References\packages\newtonsoft.json\12.0.3\LICENSE.md", "Markdown", 0, 0, 16, 0, 0, 0, 0, 0, 0, 5, 21
"c:\Users\v.kruglyakov\Desktop\Projects\Gabiac\References\packages\newtonsoft.json\12.0.3\lib\net20\Newtonsoft.Json.xml", "XML", 10298, 0, 0, 0, 0, 0, 0, 0, 0, 1, 10299
"c:\Users\v.kruglyakov\Desktop\Projects\Gabiac\References\packages\newtonsoft.json\12.0.3\lib\net35\Newtonsoft.Json.xml", "XML", 9446, 0, 0, 0, 0, 0, 0, 0, 0, 1, 9447
"c:\Users\v.kruglyakov\Desktop\Projects\Gabiac\References\packages\newtonsoft.json\12.0.3\lib\net40\Newtonsoft.Json.xml", "XML", 9646, 0, 0, 0, 0, 0, 0, 0, 0, 1, 9647
"c:\Users\v.kruglyakov\Desktop\Projects\Gabiac\References\packages\newtonsoft.json\12.0.3\lib\net45\Newtonsoft.Json.xml", "XML", 11262, 0, 0, 0, 0, 0, 0, 0, 0, 1, 11263
"c:\Users\v.kruglyakov\Desktop\Projects\Gabiac\References\packages\newtonsoft.json\12.0.3\lib\netstandard1.0\Newtonsoft.Json.xml", "XML", 10949, 0, 0, 0, 0, 0, 0, 0, 0, 2, 10951
"c:\Users\v.kruglyakov\Desktop\Projects\Gabiac\References\packages\newtonsoft.json\12.0.3\lib\netstandard1.3\Newtonsoft.Json.xml", "XML", 11071, 0, 0, 0, 0, 0, 0, 0, 0, 2, 11073
"c:\Users\v.kruglyakov\Desktop\Projects\Gabiac\References\packages\newtonsoft.json\12.0.3\lib\netstandard2.0\Newtonsoft.Json.xml", "XML", 11237, 0, 0, 0, 0, 0, 0, 0, 0, 1, 11238
"c:\Users\v.kruglyakov\Desktop\Projects\Gabiac\References\packages\newtonsoft.json\12.0.3\lib\portable-net40+sl5+win8+wp8+wpa81\Newtonsoft.Json.xml", "XML", 9010, 0, 0, 0, 0, 0, 0, 0, 0, 1, 9011
"c:\Users\v.kruglyakov\Desktop\Projects\Gabiac\References\packages\newtonsoft.json\12.0.3\lib\portable-net45+win8+wp8+wpa81\Newtonsoft.Json.xml", "XML", 10949, 0, 0, 0, 0, 0, 0, 0, 0, 2, 10951
"c:\Users\v.kruglyakov\Desktop\Projects\Gabiac\References\packages\newtonsoft.json\12.0.3\newtonsoft.json.nuspec", "XML", 42, 0, 0, 0, 0, 0, 0, 0, 0, 0, 42
"c:\Users\v.kruglyakov\Desktop\Projects\Gabiac\References\packages\stbimagesharp\2.22.4\stbimagesharp.nuspec", "XML", 16, 0, 0, 0, 0, 0, 0, 0, 0, 0, 16
"c:\Users\v.kruglyakov\Desktop\Projects\Gabiac\References\packages\stbtruetypesharp\1.24.7\stbtruetypesharp.nuspec", "XML", 15, 0, 0, 0, 0, 0, 0, 0, 0, 0, 15
"c:\Users\v.kruglyakov\Desktop\Projects\Gabiac\Scripts\ECS\Components\Ball.cs", "C#", 0, 33, 0, 0, 0, 0, 0, 0, 4, 5, 42
"c:\Users\v.kruglyakov\Desktop\Projects\Gabiac\Scripts\ECS\Components\Controller.cs", "C#", 0, 22, 0, 0, 0, 0, 0, 0, 0, 4, 26
"c:\Users\v.kruglyakov\Desktop\Projects\Gabiac\Scripts\ECS\Components\DoTheTrail.cs", "C#", 0, 8, 0, 0, 0, 0, 0, 0, 0, 2, 10
"c:\Users\v.kruglyakov\Desktop\Projects\Gabiac\Scripts\ECS\Components\MovePlayer.cs", "C#", 0, 8, 0, 0, 0, 0, 0, 0, 0, 2, 10
"c:\Users\v.kruglyakov\Desktop\Projects\Gabiac\Scripts\ECS\Components\PhysicBody.cs", "C#", 0, 61, 0, 0, 0, 0, 0, 0, 0, 10, 71
"c:\Users\v.kruglyakov\Desktop\Projects\Gabiac\Scripts\ECS\Components\Player.cs", "C#", 0, 8, 0, 0, 0, 0, 0, 0, 0, 2, 10
"c:\Users\v.kruglyakov\Desktop\Projects\Gabiac\Scripts\ECS\Components\Renderer.cs", "C#", 0, 20, 0, 0, 0, 0, 0, 0, 0, 4, 24
"c:\Users\v.kruglyakov\Desktop\Projects\Gabiac\Scripts\ECS\Components\RocketFire.cs", "C#", 0, 8, 0, 0, 0, 0, 0, 0, 0, 2, 10
"c:\Users\v.kruglyakov\Desktop\Projects\Gabiac\Scripts\ECS\Components\RotatePlayer.cs", "C#", 0, 8, 0, 0, 0, 0, 0, 0, 0, 2, 10
"c:\Users\v.kruglyakov\Desktop\Projects\Gabiac\Scripts\ECS\Components\Trail.cs", "C#", 0, 46, 0, 0, 0, 0, 0, 0, 1, 3, 50
"c:\Users\v.kruglyakov\Desktop\Projects\Gabiac\Scripts\ECS\Components\Transform.cs", "C#", 0, 32, 0, 0, 0, 0, 0, 0, 0, 5, 37
"c:\Users\v.kruglyakov\Desktop\Projects\Gabiac\Scripts\ECS\Components\UI\Button.cs", "C#", 0, 6, 0, 0, 0, 0, 0, 0, 0, 1, 7
"c:\Users\v.kruglyakov\Desktop\Projects\Gabiac\Scripts\ECS\Components\UI\UIElement.cs", "C#", 0, 16, 0, 0, 0, 0, 0, 0, 0, 2, 18
"c:\Users\v.kruglyakov\Desktop\Projects\Gabiac\Scripts\ECS\Systems\BallSystem.cs", "C#", 0, 21, 0, 0, 0, 0, 0, 0, 0, 4, 25
"c:\Users\v.kruglyakov\Desktop\Projects\Gabiac\Scripts\ECS\Systems\DebugSystem.cs", "C#", 0, 71, 0, 0, 0, 0, 0, 0, 3, 11, 85
"c:\Users\v.kruglyakov\Desktop\Projects\Gabiac\Scripts\ECS\Systems\InputSystem.cs", "C#", 0, 116, 0, 0, 0, 0, 0, 0, 0, 15, 131
"c:\Users\v.kruglyakov\Desktop\Projects\Gabiac\Scripts\ECS\Systems\MovementSystem.cs", "C#", 0, 24, 0, 0, 0, 0, 0, 0, 0, 3, 27
"c:\Users\v.kruglyakov\Desktop\Projects\Gabiac\Scripts\ECS\Systems\PhysicsSystem.cs", "C#", 0, 30, 0, 0, 0, 0, 0, 0, 0, 3, 33
"c:\Users\v.kruglyakov\Desktop\Projects\Gabiac\Scripts\ECS\Systems\RenderSystem.cs", "C#", 0, 29, 0, 0, 0, 0, 0, 0, 0, 5, 34
"c:\Users\v.kruglyakov\Desktop\Projects\Gabiac\Scripts\ECS\Systems\RocketFireSystem.cs", "C#", 0, 83, 0, 0, 0, 0, 0, 0, 0, 7, 90
"c:\Users\v.kruglyakov\Desktop\Projects\Gabiac\Scripts\ECS\Systems\RotationSystem.cs", "C#", 0, 27, 0, 0, 0, 0, 0, 0, 0, 3, 30
"c:\Users\v.kruglyakov\Desktop\Projects\Gabiac\Scripts\ECS\Systems\TrailSystem.cs", "C#", 0, 70, 0, 0, 0, 0, 0, 0, 6, 13, 89
"c:\Users\v.kruglyakov\Desktop\Projects\Gabiac\Scripts\Enums\Directions.cs", "C#", 0, 25, 0, 0, 0, 0, 0, 0, 0, 2, 27
"c:\Users\v.kruglyakov\Desktop\Projects\Gabiac\Scripts\Helpers\Creator.cs", "C#", 0, 7, 0, 0, 0, 0, 0, 0, 0, 0, 7
"c:\Users\v.kruglyakov\Desktop\Projects\Gabiac\Scripts\Helpers\GabiacSettings.cs", "C#", 0, 18, 0, 0, 0, 0, 0, 0, 0, 1, 19
"c:\Users\v.kruglyakov\Desktop\Projects\Gabiac\Scripts\Helpers\Product.cs", "C#", 0, 6, 0, 0, 0, 0, 0, 0, 0, 1, 7
"c:\Users\v.kruglyakov\Desktop\Projects\Gabiac\Scripts\Helpers\SceneCreator.cs", "C#", 0, 17, 0, 0, 0, 0, 0, 0, 0, 2, 19
"c:\Users\v.kruglyakov\Desktop\Projects\Gabiac\Scripts\Managers\SceneManager.cs", "C#", 0, 34, 0, 0, 0, 0, 0, 0, 0, 8, 42
"c:\Users\v.kruglyakov\Desktop\Projects\Gabiac\Scripts\Scenes\GameScene.cs", "C#", 0, 49, 0, 0, 0, 0, 0, 0, 0, 14, 63
"c:\Users\v.kruglyakov\Desktop\Projects\Gabiac\Scripts\Scenes\IScene.cs", "C#", 0, 13, 0, 0, 0, 0, 0, 0, 0, 1, 14
"c:\Users\v.kruglyakov\Desktop\Projects\Gabiac\Scripts\Scenes\MenuScene.cs", "C#", 0, 64, 0, 0, 0, 0, 0, 0, 3, 18, 85
"c:\Users\v.kruglyakov\Desktop\Projects\Gabiac\Toil.csproj", "XML", 47, 0, 0, 0, 0, 0, 0, 0, 0, 0, 47
"c:\Users\v.kruglyakov\Desktop\Projects\Gabiac\bin\Debug\netcoreapp3.1\Toil.deps.json", "JSON", 0, 0, 0, 355, 0, 0, 0, 0, 0, 0, 355
"c:\Users\v.kruglyakov\Desktop\Projects\Gabiac\bin\Debug\netcoreapp3.1\Toil.runtimeconfig.dev.json", "JSON", 0, 0, 0, 8, 0, 0, 0, 0, 0, 0, 8
"c:\Users\v.kruglyakov\Desktop\Projects\Gabiac\bin\Debug\netcoreapp3.1\Toil.runtimeconfig.json", "JSON", 0, 0, 0, 12, 0, 0, 0, 0, 0, 0, 12
"c:\Users\v.kruglyakov\Desktop\Projects\Gabiac\bin\Debug\netcoreapp3.1\publish\Toil.deps.json", "JSON", 0, 0, 0, 355, 0, 0, 0, 0, 0, 0, 355
"c:\Users\v.kruglyakov\Desktop\Projects\Gabiac\bin\Debug\netcoreapp3.1\publish\Toil.runtimeconfig.json", "JSON", 0, 0, 0, 12, 0, 0, 0, 0, 0, 0, 12
"c:\Users\v.kruglyakov\Desktop\Projects\Gabiac\debug.log", "Log", 0, 0, 0, 0, 0, 0, 1, 0, 0, 1, 2
"c:\Users\v.kruglyakov\Desktop\Projects\Gabiac\gitsheduledpush.bat", "Batch", 0, 0, 0, 0, 0, 0, 0, 5, 0, 0, 5
"c:\Users\v.kruglyakov\Desktop\Projects\Gabiac\obj\Debug\netcoreapp3.1\.NETCoreApp,Version=v3.1.AssemblyAttributes.cs", "C#", 0, 3, 0, 0, 0, 0, 0, 0, 1, 1, 5
"c:\Users\v.kruglyakov\Desktop\Projects\Gabiac\obj\Debug\netcoreapp3.1\Toil.AssemblyInfo.cs", "C#", 0, 9, 0, 0, 0, 0, 0, 0, 10, 5, 24
"c:\Users\v.kruglyakov\Desktop\Projects\Gabiac\obj\Debug\netcoreapp3.1\Toil.deps.json", "JSON", 0, 0, 0, 355, 0, 0, 0, 0, 0, 0, 355
"c:\Users\v.kruglyakov\Desktop\Projects\Gabiac\obj\Toil.csproj.nuget.dgspec.json", "JSON", 0, 0, 0, 110, 0, 0, 0, 0, 0, 0, 110
"c:\Users\v.kruglyakov\Desktop\Projects\Gabiac\obj\Toil.csproj.nuget.g.props", "XML", 25, 0, 0, 0, 0, 0, 0, 0, 0, 0, 25
"c:\Users\v.kruglyakov\Desktop\Projects\Gabiac\obj\Toil.csproj.nuget.g.targets", "XML", 10, 0, 0, 0, 0, 0, 0, 0, 0, 0, 10
"c:\Users\v.kruglyakov\Desktop\Projects\Gabiac\obj\project.assets.json", "JSON", 0, 0, 0, 685, 0, 0, 0, 0, 0, 0, 685
"Total", "-", 421214, 1412, 23, 2342, 40, 104, 1, 5, 159, 1920, 427220